{"person": "008", "frame_index": 21, "skeleton": [[0.06700699545454541, 0.6702894868181818, -0.18759062121212056], [0.03541239545454544, 0.41677468681818186, -0.16763462121212092], [0.20227489545454547, 0.3481538868181818, -0.22090462121212084], [0.22664809545454545, 0.3552073868181818, -0.4534826212121206], [0.11221469545454543, 0.5174000868181818, -0.47787262121212093], [-0.09248410454545458, 0.4266818868181818, -0.19638362121212083], [-0.16615340454545455, 0.4720252868181818, -0.4177576212121208], [0.011102395454545444, 0.5357513868181818, -0.48689262121212096], [0.05778429545454544, -0.07045191318181818, -0.05581162121212069], [0.07088999545454544, -0.3336989131818182, -0.07126362121212093], [0.07685099545454543, -0.5963649131818182, 0.08160037878787918], [-0.09872450454545456, -0.04128941318181817, -0.03824862121212069], [-0.11036780454545456, -0.31674901318181825, 0.021085378787879083], [-0.03946690454545454, -0.5902369131818183, 0.19702437878787915]]}
{"person": "008", "frame_index": 22, "skeleton": [[0.07822379545454544, 0.6881141868181818, -0.2342076212121209], [0.05055979545454542, 0.47303508681818185, -0.186586621212121], [0.16304349545454544, 0.4216435868181818, -0.2607286212121207], [0.23165079545454548, 0.42766228681818186, -0.48288162121212075], [0.10880669545454547, 0.6060286868181818, -0.5019216212121207], [-0.08054460454545453, 0.4568336868181818, -0.21419162121212088], [-0.17590550454545456, 0.5390465868181818, -0.4412936212121208], [-0.012828604545454536, 0.6084649868181818, -0.5383716212121206], [0.06516699545454546, -0.02123961318181819, -0.08307962121212098], [0.07424309545454544, -0.32298971318181824, -0.07216562121212089], [0.07872229545454545, -0.5983104131818182, 0.08579937878787902], [-0.08290020454545455, -0.005417513181818184, -0.059254621212120995], [-0.11362270454545456, -0.30637081318181814, 0.01825737878787903], [-0.042471204545454555, -0.5918451131818182, 0.19744137878787926]]}
{"person": "008", "frame_index": 23, "skeleton": [[0.08531519545454547, 0.7736013868181818, -0.2748096212121207], [0.057409195454545425, 0.5586410868181818, -0.22448362121212062], [0.17014129545454548, 0.4775031868181818, -0.3116526212121209], [0.22588259545454548, 0.5888460868181818, -0.5632366212121207], [0.12916399545454543, 0.7571440868181818, -0.6467926212121209], [-0.06901980454545453, 0.5852857868181818, -0.2546196212121208], [-0.16283220454545455, 0.6739611868181818, -0.4278766212121208], [-0.10362220454545457, 0.7590546868181818, -0.6057986212121209], [0.06890889545454543, 0.07104398681818182, -0.1349406212121207], [0.07237879545454545, -0.24545221318181817, -0.04721862121212084], [0.07360749545454542, -0.5852873131818183, 0.126523378787879], [-0.06436410454545455, 0.09887082681818182, -0.09142062121212069], [-0.10526290454545456, -0.20355191318181817, 0.022790378787879373], [-0.06530740454545458, -0.5401685131818182, 0.19809337878787936]]}
{"person": "008", "frame_index": 24, "skeleton": [[0.08885659545454544, 0.7966004868181817, -0.271691621212121], [0.06233679545454546, 0.5691951868181818, -0.2406716212121207], [0.1707113954545454, 0.5202983868181819, -0.33909862121212075], [0.22044619545454547, 0.6575992868181818, -0.5750886212121209], [0.11919039545454546, 0.8744764868181818, -0.7050416212121209], [-0.09581790454545458, 0.6467308868181818, -0.28599662121212077], [-0.11544990454545456, 0.7736890868181818, -0.49264562121212085], [0.011229495454545435, 0.8990681868181818, -0.6918786212121208], [0.04896869545454546, 0.11026328681818182, -0.15333562121212063], [0.06635709545454543, -0.19874691318181817, -0.04908762121212096], [0.07609689545454545, -0.5954975131818182, 0.12974837878787904], [-0.08626260454545454, 0.13916124681818182, -0.1000306212121207], [-0.10150800454545456, -0.1642488131818182, 0.017203378787879142], [-0.06976590454545456, -0.5060847131818182, 0.18497837878787937]]}
{"person": "008", "frame_index": 25, "skeleton": [[0.08858989545454543, 0.7975576868181818, -0.2740916212121207], [0.06300039545454544, 0.5715575868181818, -0.2506936212121209], [0.16433829545454548, 0.5728143868181819, -0.37242462121212094], [0.2175711954545454, 0.6767887868181818, -0.5583826212121208], [0.14509669545454545, 0.8964707868181818, -0.7024776212121209], [-0.08452220454545456, 0.6463515868181818, -0.2955186212121208], [-0.08935030454545456, 0.8159425868181818, -0.5174236212121208], [-0.03151530454545454, 0.9512588868181818, -0.6909776212121206], [0.06075859545454543, 0.1579873768181818, -0.16924862121212092], [0.06840989545454546, -0.1514847131818182, -0.06327562121212083], [0.08314249545454544, -0.5093787131818182, 0.07355337878787926], [-0.08359620454545458, 0.16572222681818183, -0.11162362121212066], [-0.09850570454545454, -0.1320800131818182, 0.016480378787879335], [-0.08381310454545454, -0.4756159131818182, 0.18362737878787927]]}
{"person": "008", "frame_index": 26, "skeleton": [[0.11750919545454547, 0.8486710868181818, -0.3205766212121208], [0.08062009545454546, 0.6365370868181818, -0.2961336212121206], [0.16266449545454542, 0.5824168868181818, -0.38592262121212073], [0.21260719545454543, 0.7140530868181818, -0.6123446212121206], [0.17576189545454546, 0.8836683868181818, -0.7156636212121206], [-0.06801790454545453, 0.6511460868181819, -0.3300046212121206], [-0.10567240454545457, 0.8444303868181818, -0.5202156212121207], [-0.038163104545454574, 0.9827210868181818, -0.6735306212121208], [0.059399495454545426, 0.17067325681818182, -0.17413562121212056], [0.07405099545454547, -0.1439212131818182, -0.07972362121212084], [0.09512149545454546, -0.5022896131818182, 0.05524037878787924], [-0.08388700454545456, 0.18439722281818183, -0.11761062121212085], [-0.09942050454545454, -0.0988553131818182, 0.033854378787879114], [-0.11038650454545457, -0.44348931318181817, 0.1996483787878791]]}
