{"person_num": 0, "person": [[0.2012842519846251, -0.9188127786560649, 3.266999921798706], [0.20890865565139446, -0.701540836602773, 3.390749921798706], [0.09602913234432325, -0.7100753968556015, 3.431999921798706], [-0.018459557924097425, -0.5949786149070284, 3.266999921798706], [0.1611309563771966, -0.7442136378669152, 3.596999921798706], [0.32687111473631236, -0.7100753968556015, 3.431999921798706], [0.4215606121705941, -0.5919019052233647, 3.761999921798706], [0.29544119914166106, -0.7186686404735086, 3.101999921798706], [0.09602913234432325, -0.02969654698373381, 3.431999921798706], [0.09487493601580839, 0.39078614472465734, 3.390749921798706], [0.09602913234432325, 0.8207770153561001, 3.431999921798706], [0.26916061913831496, -0.02969654698373381, 3.431999921798706], [0.2659255154691877, 0.39078614472465734, 3.390749921798706], [0.2659255154691877, 0.8109119067736691, 3.390749921798706], [0.19874278409570195, -0.9072116069306931, 3.225749921798706], [0.2529851007926786, -0.9072116069306931, 3.225749921798706], [0.15373962794232063, -0.9652174655575517, 3.431999921798706], [0.32687111473631236, -0.9652174655575517, 3.431999921798706]]}
{"person_num": 0, "person": [[0.20220842858933877, -0.9230314160595054, 3.282000026702881], [0.20983283225610813, -0.704644334762856, 3.4057500267028806], [0.09644884303541988, -0.7131788950156845, 3.447000026702881], [-0.01854431314661782, -0.5977103999859924, 3.282000026702881], [0.16180290002510175, -0.7473171360269983, 3.612000026702881], [0.32829975725464305, -0.7131788950156845, 3.447000026702881], [0.4232414876457333, -0.5942619772212095, 3.777000026702881], [0.24769130301594625, -0.7317006157917203, 3.1582500267028806], [0.09644884303541988, -0.029826340494863702, 3.447000026702881], [0.09529464670690503, 0.3925149166191232, 3.4057500267028806], [0.09644884303541988, 0.8243643526561618, 3.447000026702881], [0.27033702869983717, -0.029826340494863702, 3.447000026702881], [0.2671019250307099, 0.3925149166191232, 3.4057500267028806], [0.2671019250307099, 0.8144992440737306, 3.4057500267028806], [0.19966696070041562, -0.9114302443341337, 3.2407500267028806], [0.2671019250307099, -0.9578349312356205, 3.4057500267028806], [0.15441157159022578, -0.9694361029609923, 3.447000026702881], [0.32829975725464305, -0.9694361029609923, 3.447000026702881]]}
{"person_num": 0, "person": [[0.20855439466102946, -0.9519991801150494, 3.384999990463257], [0.2060129267721063, -0.6918166245818956, 3.3437499904632566], [0.09471404996401232, -0.7003511848347241, 3.384999990463257], [-0.01819399380543113, -0.5864190940266928, 3.219999990463257], [0.16087338285611605, -0.7430239860988662, 3.5912499904632567], [0.32239473935804697, -0.7003511848347241, 3.384999990463257], [0.3978044126246979, -0.5585464650657057, 3.549999990463257], [0.2909648237633957, -0.7077797373120895, 3.0549999904632568], [0.09471404996401232, -0.02928986408718994, 3.384999990463257], [0.09355985363549746, 0.38536937191849274, 3.3437499904632566], [0.09471404996401232, 0.8095367868472272, 3.384999990463257], [0.2654745670095382, -0.02928986408718994, 3.384999990463257], [0.27517987801692, 0.4043857297645953, 3.5087499904632566], [0.2622394633404109, 0.7996716782647961, 3.3437499904632566], [0.2060129267721063, -0.9403980083896776, 3.3437499904632566], [0.2622394633404109, -0.9403980083896776, 3.3437499904632566], [0.15163422231252108, -0.9519991801150494, 3.384999990463257], [0.32239473935804697, -0.9519991801150494, 3.384999990463257]]}
{"person_num": 0, "person": [[0.20866221345323374, -0.9524913462089181, 3.386749973297119], [0.20866221345323374, -0.7007132535362274, 3.386749973297119], [0.094763015388541, -0.7007132535362274, 3.386749973297119], [0.036431734711262286, -0.5942501533593884, 3.262999973297119], [0.16279960707320154, -0.8419798688891814, 3.634249973297119], [0.34220510876458393, -0.7433860548003697, 3.592999973297119], [0.34220510876458393, -0.9214601548239741, 3.592999973297119], [0.2817873308312167, -1.1885713048593811, 3.592999973297119], [0.09591721171705586, -0.0296619360684318, 3.427999973297119], [0.094763015388541, 0.3903251480454321, 3.386749973297119], [0.09591721171705586, 0.8198204110823477, 3.427999973297119], [0.2688469161547076, -0.0296619360684318, 3.427999973297119], [0.2656118124855803, 0.3903251480454321, 3.386749973297119], [0.2656118124855803, 0.8099553024999167, 3.386749973297119], [0.19849634189754123, -0.9060866593074313, 3.221749973297119], [0.2656118124855803, -0.9524913462089181, 3.386749973297119], [0.15356044652960657, -0.9640925179342898, 3.427999973297119], [0.25590650147819854, -0.8368284116144493, 3.262999973297119]]}
