{"frame_id": 0, "oks": 0.6245085082384769}
{"frame_id": 1, "oks": 0.6324991225647961}
{"frame_id": 2, "oks": 0.6196681735065129}
{"frame_id": 3, "oks": 0.6249533491402955}
{"frame_id": 4, "oks": 0.6002695488503976}
{"frame_id": 5, "oks": 0.6020885237952778}
{"frame_id": 6, "oks": 0.6110350722244628}
{"frame_id": 7, "oks": 0.6163583299635226}
{"frame_id": 8, "oks": 0.607277916608319}
{"frame_id": 9, "oks": 0.6071064790649527}
{"frame_id": 10, "oks": 0.5917630509818925}
{"frame_id": 11, "oks": 0.6142367823579392}
{"frame_id": 12, "oks": 0.6177369234499576}
{"frame_id": 13, "oks": 0.6559557954208101}
{"frame_id": 14, "oks": 0.656239726912745}
{"frame_id": 15, "oks": 0.6621469343651375}
{"frame_id": 16, "oks": 0.6554590471107833}
{"frame_id": 17, "oks": 0.6264149339467676}
{"frame_id": 18, "oks": 0.5817779203433393}
{"frame_id": 19, "oks": 0.6164818580527948}
{"frame_id": 20, "oks": 0.6100663530552659}
{"frame_id": 21, "oks": 0.544648491855596}
{"frame_id": 22, "oks": 0.5924922132247593}
{"frame_id": 23, "oks": 0.5507103955457159}
{"frame_id": 24, "oks": 0.5879402966900378}
{"frame_id": 25, "oks": 0.592042201518643}
{"frame_id": 26, "oks": 0.5669670820711245}
{"frame_id": 27, "oks": 0.5045375581005418}
{"frame_id": 28, "oks": 0.5260123386384814}
{"frame_id": 29, "oks": 0.4717570723289293}
{"frame_id": 30, "oks": 0.4364152351283698}
{"frame_id": 31, "oks": 0.5454838406653237}
{"frame_id": 32, "oks": 0.5195052841915652}
{"frame_id": 33, "oks": 0.4632794563164472}
{"frame_id": 34, "oks": 0.4722667971741621}
{"frame_id": 35, "oks": 0.4666373165711472}
{"frame_id": 36, "oks": 0.4628261040448046}
{"frame_id": 37, "oks": 0.44116352943142767}
{"frame_id": 38, "oks": 0.484458607674568}
{"frame_id": 39, "oks": 0.48657716214588065}
{"frame_id": 40, "oks": 0.48987539360565197}
{"frame_id": 41, "oks": 0.49155588781201764}
{"frame_id": 42, "oks": 0.49881075023262683}
{"frame_id": 43, "oks": 0.5120393233481524}
{"frame_id": 44, "oks": 0.508135341353437}
{"frame_id": 45, "oks": 0.5401644593321376}
{"frame_id": 46, "oks": 0.5907406983810712}
{"frame_id": 47, "oks": 0.6503143535807482}
{"frame_id": 48, "oks": 0.6884249221027398}
{"frame_id": 49, "oks": 0.6612258193989897}
{"frame_id": 50, "oks": 0.7166148671794048}
{"frame_id": 51, "oks": 0.7156188090239802}
{"frame_id": 52, "oks": 0.6964744808487408}
{"frame_id": 53, "oks": 0.7230222673985783}
{"frame_id": 54, "oks": 0.72158836904283}
{"frame_id": 55, "oks": 0.7159926686388179}
{"frame_id": 56, "oks": 0.6517282737004529}
{"frame_id": 57, "oks": 0.6525091928645714}
{"frame_id": 58, "oks": 0.6287895106526215}
{"frame_id": 59, "oks": 0.6076430058142075}
{"frame_id": 60, "oks": 0.535663488534683}
{"frame_id": 61, "oks": 0.5239659683507558}
{"frame_id": 62, "oks": 0.5153452515084879}
{"frame_id": 63, "oks": 0.5159031740539701}
{"frame_id": 64, "oks": 0.5125641599234554}
{"frame_id": 65, "oks": 0.5147989432173984}
