{"frame_id": 0, "oks": 0.6278530996721287}
{"frame_id": 1, "oks": 0.6155594099683025}
{"frame_id": 2, "oks": 0.6137578750828855}
{"frame_id": 3, "oks": 0.6342142310324134}
{"frame_id": 4, "oks": 0.6263587957910745}
{"frame_id": 5, "oks": 0.6175782478468592}
{"frame_id": 6, "oks": 0.6265280716613262}
{"frame_id": 7, "oks": 0.630824660673662}
{"frame_id": 8, "oks": 0.622794389268697}
{"frame_id": 9, "oks": 0.6226225130002759}
{"frame_id": 10, "oks": 0.6179132578343047}
{"frame_id": 11, "oks": 0.6142367823579392}
{"frame_id": 12, "oks": 0.6177369234499576}
{"frame_id": 13, "oks": 0.6559557954208101}
{"frame_id": 14, "oks": 0.656239726912745}
{"frame_id": 15, "oks": 0.6663422122665237}
{"frame_id": 16, "oks": 0.6444532064220295}
{"frame_id": 17, "oks": 0.6302708306214039}
{"frame_id": 18, "oks": 0.6105453447625729}
{"frame_id": 19, "oks": 0.5952041740962069}
{"frame_id": 20, "oks": 0.6067066346531639}
{"frame_id": 21, "oks": 0.548806565533166}
{"frame_id": 22, "oks": 0.6216366151772604}
{"frame_id": 23, "oks": 0.5790500014015425}
{"frame_id": 24, "oks": 0.6043049104243615}
{"frame_id": 25, "oks": 0.5847530637697866}
{"frame_id": 26, "oks": 0.5856135020976391}
{"frame_id": 27, "oks": 0.5374747828328836}
{"frame_id": 28, "oks": 0.49501463480380126}
{"frame_id": 29, "oks": 0.4717570723289293}
{"frame_id": 30, "oks": 0.46381547346131285}
{"frame_id": 31, "oks": 0.5506047179806972}
{"frame_id": 32, "oks": 0.4887024529945861}
{"frame_id": 33, "oks": 0.4632794563164472}
{"frame_id": 34, "oks": 0.49901698397880645}
{"frame_id": 35, "oks": 0.47172904169882635}
{"frame_id": 36, "oks": 0.4681694342762798}
{"frame_id": 37, "oks": 0.4692782530583474}
{"frame_id": 38, "oks": 0.48381427790690434}
{"frame_id": 39, "oks": 0.4948151654184976}
{"frame_id": 40, "oks": 0.4831237417131046}
{"frame_id": 41, "oks": 0.4939054059328365}
{"frame_id": 42, "oks": 0.5016252098960676}
{"frame_id": 43, "oks": 0.511991120459469}
{"frame_id": 44, "oks": 0.533999540995708}
{"frame_id": 45, "oks": 0.5401644593321376}
{"frame_id": 46, "oks": 0.5630614673648282}
{"frame_id": 47, "oks": 0.6577699996254118}
{"frame_id": 48, "oks": 0.6673732713968139}
{"frame_id": 49, "oks": 0.6655855501867631}
{"frame_id": 50, "oks": 0.6912027508487313}
{"frame_id": 51, "oks": 0.6799762759514903}
{"frame_id": 52, "oks": 0.6777578517348992}
{"frame_id": 53, "oks": 0.7047400554333972}
{"frame_id": 54, "oks": 0.693327039459794}
{"frame_id": 55, "oks": 0.7011810608601127}
{"frame_id": 56, "oks": 0.643551586145127}
{"frame_id": 57, "oks": 0.6443427861491319}
{"frame_id": 58, "oks": 0.6203757059828515}
{"frame_id": 59, "oks": 0.6076430058142075}
{"frame_id": 60, "oks": 0.5696803763553009}
{"frame_id": 61, "oks": 0.5239659683507558}
{"frame_id": 62, "oks": 0.5153452515084879}
{"frame_id": 63, "oks": 0.5123115733595972}
{"frame_id": 64, "oks": 0.5125641599234554}
{"frame_id": 65, "oks": 0.5147989432173984}
