{"frame_id": 0, "oks": 0.6278530996721287}
{"frame_id": 1, "oks": 0.6271273557120013}
{"frame_id": 2, "oks": 0.6142304489983447}
{"frame_id": 3, "oks": 0.6236119616466602}
{"frame_id": 4, "oks": 0.6157547573699179}
{"frame_id": 5, "oks": 0.6175782478468592}
{"frame_id": 6, "oks": 0.6265280716613262}
{"frame_id": 7, "oks": 0.6163583299635226}
{"frame_id": 8, "oks": 0.622794389268697}
{"frame_id": 9, "oks": 0.6226225130002759}
{"frame_id": 10, "oks": 0.6072729540427487}
{"frame_id": 11, "oks": 0.6142367823579392}
{"frame_id": 12, "oks": 0.6193261298492185}
{"frame_id": 13, "oks": 0.6559557954208101}
{"frame_id": 14, "oks": 0.656239726912745}
{"frame_id": 15, "oks": 0.6424807486742654}
{"frame_id": 16, "oks": 0.6583750274219321}
{"frame_id": 17, "oks": 0.6412459730488561}
{"frame_id": 18, "oks": 0.5922554089985438}
{"frame_id": 19, "oks": 0.6069076479200012}
{"frame_id": 20, "oks": 0.6087524364650768}
{"frame_id": 21, "oks": 0.5518998475727923}
{"frame_id": 22, "oks": 0.611005146002009}
{"frame_id": 23, "oks": 0.56977266106611}
{"frame_id": 24, "oks": 0.6215856176963603}
{"frame_id": 25, "oks": 0.5903073841656974}
{"frame_id": 26, "oks": 0.5871932146210987}
{"frame_id": 27, "oks": 0.5281178804036812}
{"frame_id": 28, "oks": 0.5189353454023946}
{"frame_id": 29, "oks": 0.47189903213449674}
{"frame_id": 30, "oks": 0.46381547346131285}
{"frame_id": 31, "oks": 0.5385714242528372}
{"frame_id": 32, "oks": 0.4864691176665167}
{"frame_id": 33, "oks": 0.4632794563164472}
{"frame_id": 34, "oks": 0.4722977629799435}
{"frame_id": 35, "oks": 0.47415397164024525}
{"frame_id": 36, "oks": 0.4681694342762798}
{"frame_id": 37, "oks": 0.4694874363223125}
{"frame_id": 38, "oks": 0.48381649772754837}
{"frame_id": 39, "oks": 0.49446644486654245}
{"frame_id": 40, "oks": 0.48987539360565197}
{"frame_id": 41, "oks": 0.501850990101432}
{"frame_id": 42, "oks": 0.501022358297082}
{"frame_id": 43, "oks": 0.511991120459469}
{"frame_id": 44, "oks": 0.5417228631850685}
{"frame_id": 45, "oks": 0.547831114935401}
{"frame_id": 46, "oks": 0.5633952241830448}
{"frame_id": 47, "oks": 0.6553877644061868}
{"frame_id": 48, "oks": 0.6673732713968139}
{"frame_id": 49, "oks": 0.6655855501867631}
{"frame_id": 50, "oks": 0.6912027508487313}
{"frame_id": 51, "oks": 0.6911680011185745}
{"frame_id": 52, "oks": 0.6737897898938663}
{"frame_id": 53, "oks": 0.7148281531401682}
{"frame_id": 54, "oks": 0.6886814879222702}
{"frame_id": 55, "oks": 0.7057242200668432}
{"frame_id": 56, "oks": 0.6517282737004529}
{"frame_id": 57, "oks": 0.6525091928645714}
{"frame_id": 58, "oks": 0.6287895106526215}
{"frame_id": 59, "oks": 0.6076430058142075}
{"frame_id": 60, "oks": 0.5353223261187594}
{"frame_id": 61, "oks": 0.5223203073356207}
{"frame_id": 62, "oks": 0.5153452515084879}
{"frame_id": 63, "oks": 0.5123115733595972}
{"frame_id": 64, "oks": 0.5125641599234554}
{"frame_id": 65, "oks": 0.5184345279878697}
