{"person_num": "008", "frame_index": 21, "skeleton": [[-0.01651470454545456, -0.057637913181818184, -0.011314621212120901], [0.014312995454545452, 0.21209876681818182, -0.0984816212121209], [0.04210129545454544, 0.4839393868181818, -0.1936676212121209], [0.06700699545454541, 0.6702894868181818, -0.18759062121212056], [-0.09248410454545458, 0.4266818868181818, -0.19638362121212083], [-0.16615340454545455, 0.4720252868181818, -0.4177576212121208], [0.011102395454545444, 0.5357513868181818, -0.48689262121212096], [0.004425595454545461, 0.5494373868181818, -0.4773576212121209], [0.20227489545454547, 0.3481538868181818, -0.22090462121212084], [0.22664809545454545, 0.3552073868181818, -0.4534826212121206], [0.11221469545454543, 0.5174000868181818, -0.47787262121212093], [0.08880379545454542, 0.5798096868181818, -0.44288262121212085], [-0.09872450454545456, -0.04128941318181817, -0.03824862121212069], [-0.11036780454545456, -0.31674901318181825, 0.021085378787879083], [-0.03946690454545454, -0.5902369131818183, 0.19702437878787915], [-0.055588204545454545, -0.6515792131818182, 0.0755043787878793], [0.05778429545454544, -0.07045191318181818, -0.05581162121212069], [0.07088999545454544, -0.3336989131818182, -0.07126362121212093], [0.07685099545454543, -0.5963649131818182, 0.08160037878787918], [0.05945089545454546, -0.6574191131818182, -0.039705621212120956], [0.03541239545454544, 0.41677468681818186, -0.16763462121212092], [0.01819789545454542, 0.5885221868181818, -0.4794626212121207], [0.030671395454545447, 0.5363018868181818, -0.46832562121212096], [0.051423895454545454, 0.6294960868181818, -0.43936162121212075], [0.11276509545454544, 0.6018609868181818, -0.4696396212121208]]}
{"person_num": "008", "frame_index": 22, "skeleton": [[-0.004387404545454554, -0.014360013181818176, -0.03710962121212091], [0.02778479545454543, 0.2661518568181818, -0.1186626212121209], [0.057619995454545436, 0.5408639868181818, -0.2121786212121206], [0.07822379545454544, 0.6881141868181818, -0.2342076212121209], [-0.08054460454545453, 0.4568336868181818, -0.21419162121212088], [-0.17590550454545456, 0.5390465868181818, -0.4412936212121208], [-0.012828604545454536, 0.6084649868181818, -0.5383716212121206], [0.04020479545454542, 0.6170578868181819, -0.5021956212121208], [0.16304349545454544, 0.4216435868181818, -0.2607286212121207], [0.23165079545454548, 0.42766228681818186, -0.48288162121212075], [0.10880669545454547, 0.6060286868181818, -0.5019216212121207], [0.07418929545454545, 0.6478266868181818, -0.4768146212121209], [-0.08290020454545455, -0.005417513181818184, -0.059254621212120995], [-0.11362270454545456, -0.30637081318181814, 0.01825737878787903], [-0.042471204545454555, -0.5918451131818182, 0.19744137878787926], [-0.06628000454545457, -0.6519370131818182, 0.0764433787878791], [0.06516699545454546, -0.02123961318181819, -0.08307962121212098], [0.07424309545454544, -0.32298971318181824, -0.07216562121212089], [0.07872229545454545, -0.5983104131818182, 0.08579937878787902], [0.053591795454545454, -0.6581206131818182, -0.034980621212120866], [0.05055979545454542, 0.47303508681818185, -0.186586621212121], [0.10015939545454544, 0.5898463868181818, -0.5331616212121206], [0.09826719545454543, 0.5688594868181818, -0.554539621212121], [0.06772229545454544, 0.7009151868181818, -0.45980062121212084], [0.11095819545454544, 0.6674672868181818, -0.5068286212121209]]}
{"person_num": "008", "frame_index": 23, "skeleton": [[0.006358195454545468, 0.08372798681818182, -0.07834162121212085], [0.036304395454545446, 0.3572336868181818, -0.15805762121212075], [0.06391019545454546, 0.6245599868181818, -0.24953762121212097], [0.08531519545454547, 0.7736013868181818, -0.2748096212121207], [-0.06901980454545453, 0.5852857868181818, -0.2546196212121208], [-0.16283220454545455, 0.6739611868181818, -0.4278766212121208], [-0.10362220454545457, 0.7590546868181818, -0.6057986212121209], [-0.047494904545454575, 0.7812741868181818, -0.6171356212121206], [0.17014129545454548, 0.4775031868181818, -0.3116526212121209], [0.22588259545454548, 0.5888460868181818, -0.5632366212121207], [0.12916399545454543, 0.7571440868181818, -0.6467926212121209], [0.09895979545454542, 0.8152486868181817, -0.6369826212121206], [-0.06436410454545455, 0.09887082681818182, -0.09142062121212069], [-0.10526290454545456, -0.20355191318181817, 0.022790378787879373], [-0.06530740454545458, -0.5401685131818182, 0.19809337878787936], [-0.09785770454545456, -0.5999354131818182, 0.07893537878787926], [0.06890889545454543, 0.07104398681818182, -0.1349406212121207], [0.07237879545454545, -0.24545221318181817, -0.04721862121212084], [0.07360749545454542, -0.5852873131818183, 0.126523378787879], [0.03961759545454546, -0.6445027131818182, 0.007647378787879244], [0.057409195454545425, 0.5586410868181818, -0.22448362121212062], [-0.024601204545454558, 0.7647040868181818, -0.6686396212121206], [-0.05776140454545453, 0.7469236868181818, -0.652705621212121], [0.06217379545454543, 0.8769286868181818, -0.6218696212121206], [0.12069899545454543, 0.8431536868181818, -0.659193621212121]]}
{"person_num": "008", "frame_index": 24, "skeleton": [[-0.014666804545454548, 0.12370508681818182, -0.09169362121212066], [0.03300379545454546, 0.3759849868181818, -0.17222062121212067], [0.07170539545454546, 0.6331641868181819, -0.2673376212121208], [0.08885659545454544, 0.7966004868181817, -0.271691621212121], [-0.09581790454545458, 0.6467308868181818, -0.28599662121212077], [-0.11544990454545456, 0.7736890868181818, -0.49264562121212085], [0.011229495454545435, 0.8990681868181818, -0.6918786212121208], [0.05510869545454544, 0.9329922868181818, -0.7051266212121208], [0.1707113954545454, 0.5202983868181819, -0.33909862121212075], [0.22044619545454547, 0.6575992868181818, -0.5750886212121209], [0.11919039545454546, 0.8744764868181818, -0.7050416212121209], [0.08933519545454544, 0.9345909868181818, -0.7117416212121208], [-0.08626260454545454, 0.13916124681818182, -0.1000306212121207], [-0.10150800454545456, -0.1642488131818182, 0.017203378787879142], [-0.06976590454545456, -0.5060847131818182, 0.18497837878787937], [-0.11354970454545457, -0.6194504131818183, 0.17817037878787945], [0.04896869545454546, 0.11026328681818182, -0.15333562121212063], [0.06635709545454543, -0.19874691318181817, -0.04908762121212096], [0.07609689545454545, -0.5954975131818182, 0.12974837878787904], [0.08730309545454545, -0.6800633131818182, 0.07630837878787933], [0.06233679545454546, 0.5691951868181818, -0.2406716212121207], [0.10160709545454544, 0.9720688868181818, -0.7358076212121207], [0.07756589545454545, 0.8870832868181818, -0.714986621212121], [0.061316095454545416, 0.9700494868181818, -0.7257816212121209], [0.12366189545454542, 0.9385176868181818, -0.7365546212121208]]}
{"person_num": "008", "frame_index": 25,